,namespace,grade,Média de AAs por turma,Média de exercícios por turma
0,master,em 3a serie,0.1426056338028169,1.0
1,ceprimeiromundo,outro,0.2535211267605634,0.8878894106753092
2,universitariolondrina,em 3a serie,1.0,0.7762418149348502
3,universitariolondrina,em 2a serie,0.8802816901408451,0.7619551557642701
4,universitariolondrina,em 1a serie,0.8591549295774648,0.7497850386930353
5,santoamerico,em 3a serie,0.301056338028169,0.6706792777300086
6,santoamerico,em 1a serie,0.20598591549295775,0.6087704213241617
7,mariliamattoso,em 3a serie,0.2323943661971831,0.5831073483696012
8,aescobjetivo,em 3a serie,0.3028169014084507,0.5518883524042595
9,mariliamattoso,em 2a serie,0.323943661971831,0.5201402209140816
10,acessocampolargo,em 1a serie,0.2676056338028169,0.5132614590912097
11,mariliamattoso,em 1a serie,0.29577464788732394,0.5063826972683378
12,santoamerico,em 2a serie,0.15070422535211267,0.4855347575897877
13,acessoalmirantetamandare,em 1a serie,0.30985915492957744,0.483629869700377
14,acessoalmirantetamandare,em 2a serie,0.3028169014084507,0.47833851445201403
15,acessosjpinhais,em 1a serie,0.31690140845070425,0.47198888815397844
16,acessofazendariogrande,em 2a serie,0.30985915492957744,0.47145975262914214
17,acessofazendariogrande,em 1a serie,0.30985915492957744,0.46987234605463324
18,acessosjpinhais,em 2a serie,0.31690140845070425,0.46669753290561544
19,acessoboqueirao,em 2a serie,0.3028169014084507,0.46140617765725245
20,acessopinhais,em 2a serie,0.2746478873239437,0.45505655135921685
21,acessopinhais,em 1a serie,0.2746478873239437,0.45505655135921685
22,acessosantafelicidade,em 2a serie,0.2605633802816901,0.4513526026853628
23,overmarciliofurtado,em 2a serie,0.4507042253521127,0.4497651961108539
24,acessosantafelicidade,em 1a serie,0.2535211267605634,0.4487069250611813
25,overpontanegra,em 1a serie,0.4084507042253521,0.442886434287982
26,overzonanorte,em 1a serie,0.4084507042253521,0.4407698921886368
27,overpontanegra,em 2a serie,0.45774647887323944,0.4407698921886368
28,overabelcabral,em 2a serie,0.4154929577464789,0.43759507903961903
29,overzonanorte,em 2a serie,0.4084507042253521,0.43547853694027383
30,overabelcabral,em 1a serie,0.38028169014084506,0.43494940141543753
31,acessoalmirantetamandare,em 3a serie,0.06338028169014084,0.42119187776969375
32,acessocampolargo,em 3a serie,0.056338028169014086,0.41431311594682185
33,acessopinhais,em 3a serie,0.04929577464788732,0.4037304054500959
34,acessofazendariogrande,outro,0.04929577464788732,0.4037304054500959
35,acessofazendariogrande,em 3a serie,0.04929577464788732,0.4037304054500959
36,acessopinhais,outro,0.04929577464788732,0.4037304054500959
37,acessosantafelicidade,em 3a serie,0.04929577464788732,0.4037304054500959
38,acessocampolargo,outro,0.04929577464788732,0.4037304054500959
39,acessosantafelicidade,outro,0.04929577464788732,0.4037304054500959
40,acessoboqueirao,em 3a serie,0.04929577464788732,0.4037304054500959
41,acessoboqueirao,outro,0.04929577464788732,0.4037304054500959
42,acessocampolargo,em 2a serie,0.2323943661971831,0.396851643627224
43,overjoaopessoa,em 1a serie,0.3380281690140845,0.38468152655598914
44,overmossoro,em 1a serie,0.2887323943661972,0.38150671340697134
45,elitecuritibaemilianoperneta,em 2a serie,0.20422535211267606,0.37833190025795355
46,elitecuritibaemilianoperneta,em 1a serie,0.20422535211267606,0.37568622263377205
47,physicsmacapa,em 3a serie,0.15492957746478872,0.37568622263377205
48,physicsmacapa,em 2a serie,0.15845070422535212,0.3748925193465176
49,physicsumarizal,em 2a serie,0.14788732394366197,0.3740988160592632
50,physicsalmirantebarroso,em 2a serie,0.14788732394366197,0.3740988160592632
51,physicsaugustomontenegro,em 2a serie,0.14788732394366197,0.3740988160592632
52,overjoaopessoa,em 2a serie,0.30985915492957744,0.3725114094847543
53,stellamarisxaxim,em 2a serie,0.4154929577464789,0.3703948673854091
54,physicscidadenova,em 3a serie,0.13732394366197184,0.36854289304848203
55,physicsumarizal,em 1a serie,0.14788732394366197,0.3677491897612276
56,physicsalmirantebarroso,em 3a serie,0.14084507042253522,0.3677491897612276
57,physicsumarizal,em 3a serie,0.14084507042253522,0.3677491897612276
58,physicsalmirantebarroso,em 1a serie,0.14788732394366197,0.3677491897612276
59,physicsaugustomontenegro,em 3a serie,0.14084507042253522,0.3677491897612276
60,physicsaugustomontenegro,em 1a serie,0.14788732394366197,0.3677491897612276
61,aescobjetivo,em 2a serie,0.2563380281690141,0.3643627224022753
62,stellamarisjuveve,em 2a serie,0.44366197183098594,0.361399563463192
63,stellamarisjuveve,em 1a serie,0.4507042253521127,0.3582247503141742
64,stellamarisxaxim,em 1a serie,0.39436619718309857,0.3545208016403201
65,acessosjpinhais,em 3a serie,0.04225352112676056,0.35187512401613863
66,acessosjpinhais,outro,0.04225352112676056,0.35187512401613863
67,elitecuritibaemilianoperneta,em 3a serie,0.09859154929577464,0.34922944639195713
68,overzonanorte,em 3a serie,0.07042253521126761,0.33970500694490374
69,stellamarisjuveve,outro,0.04225352112676056,0.3338845161717045
70,stellamarisjuveve,em 3a serie,0.04225352112676056,0.3338845161717045
71,stellamarisxaxim,em 3a serie,0.04225352112676056,0.3233018056749785
72,overmarciliofurtado,em 3a serie,0.06338028169014084,0.3227726701501422
73,overabelcabral,em 3a serie,0.06338028169014084,0.3227726701501422
74,souhabilis,outro,0.09154929577464789,0.32047974954251823
75,universitariolondrina,ef 9o ano,0.40669014084507044,0.3121899596534162
76,acessofazendariogrande,ef 9o ano,0.2676056338028169,0.30795687545472583
77,overpontanegra,em 3a serie,0.04929577464788732,0.29578675838349094
78,overmossoro,em 3a serie,0.035211267605633804,0.2947284873338184
79,overjoaopessoa,em 3a serie,0.035211267605633804,0.2947284873338184
80,physicsalcindocacela,ef 9o ano,0.11971830985915492,0.2920828097096369
81,colegiouniverso,em 3a serie,0.06338028169014084,0.2920828097096369
82,elitecuritibaemilianoperneta,outro,0.08450704225352113,0.2910245386599643
83,acessoboqueirao,em 1a serie,0.16549295774647887,0.2908922547787552
84,physicscidadenova,em 1a serie,0.10915492957746478,0.28864342879820093
85,overmarciliofurtado,em 1a serie,0.26291079812206575,0.2864386974447164
86,physicscidadenova,em 2a serie,0.09859154929577464,0.2834402628039773
87,contemporaneolagoanova,em 2a serie,0.12323943661971831,0.2788544215887294
88,universobarcarena,em 3a serie,0.16666666666666669,0.2735630663403664
89,objetivolorena,em 3a serie,0.1936619718309859,0.2717110920034394
90,francobrasileiro,em 3a serie,0.03755868544600939,0.2696827391582336
91,colegiouniverso,em 2a serie,0.08450704225352113,0.269329982141676
92,colegiouniverso,em 1a serie,0.07746478873239436,0.26880084661683973
93,contemporaneocidadeverde,em 3a serie,0.11267605633802817,0.26774257556716713
94,colegiojoaopaulo,em 1a serie,0.1267605633802817,0.26382697268337857
95,colegiojoaopaulo,em 3a serie,0.10211267605633803,0.26258350420001325
96,physicsconselheirofurtado,em 3a serie,0.10845070422535211,0.25917058006481913
97,contemporaneolagoanova,em 1a serie,0.13380281690140844,0.25874727164495004
98,contemporaneocidadeverde,em 1a serie,0.1267605633802817,0.2534559163965871
99,contemporaneocidadeverde,ef 9o ano,0.09507042253521127,0.2518685098220782
100,amadeus,em 2a serie,0.20422535211267606,0.24710629009855148
101,sas,em 1a serie,0.04929577464788732,0.2460480190488789
102,universobarcarena,em 2a serie,0.15023474178403756,0.24463699098264877
103,physicsalcindocacela,em 1a serie,0.1267605633802817,0.24446061247437
104,colegiobrasilia,em 3a serie,0.2746478873239437,0.2434023414246974
105,overzonanorte,outro,0.056338028169014086,0.2412857993253522
106,colegioecursodesafio,em 1a serie,0.2605633802816901,0.2407566638005159
107,gerabixo,outro,0.035211267605633804,0.2407566638005159
108,prismapatrocinio,em 3a serie,0.2112676056338028,0.23264325241969266
109,physicsalmirantebarroso,ef 9o ano,0.06338028169014084,0.22594086910509956
110,physicsumarizal,ef 9o ano,0.06338028169014084,0.22594086910509956
111,universitariolondrina,ef 8o ano,0.22887323943661972,0.21945895892585487
112,universitariolondrina,ef 6o ano,0.2699530516431925,0.21923848579050642
113,contemporaneolagoanova,em 3a serie,0.1056338028169014,0.21853297175739136
114,colegiojoaopaulo,em 2a serie,0.0971830985915493,0.21810966333752232
115,colegiobatistaindependente,ef 6o ano,0.18309859154929578,0.21641642965804617
116,crb,em 2a serie,0.2992957746478873,0.21601957801441896
117,contemporaneocidadeverde,em 2a serie,0.11267605633802817,0.21482902308353727
118,overzonanorte,ef 9o ano,0.2535211267605634,0.21377075203386467
119,universobarcarena,em 1a serie,0.13732394366197184,0.20980223559759242
120,colegiosete,em 3a serie,0.21830985915492956,0.20847939678550167
121,colegiosete,em 1a serie,0.21830985915492956,0.20847939678550167
122,amais,outro,0.056338028169014086,0.20847939678550167
123,colegiosete,em 2a serie,0.21830985915492956,0.20847939678550167
124,ceprimeiromundo,em 3a serie,0.035211267605633804,0.20742112573582908
125,aescobjetivo,ef 9o ano,0.18309859154929578,0.2058337191613202
126,physicsumarizal,ef 7o ano,0.07746478873239436,0.2058337191613202
127,universobarcarena,ef 5o ano,0.2676056338028169,0.2058337191613202
128,colegioarena,em 3a serie,0.11971830985915492,0.2058337191613202
129,universitariolondrina,ef 7o ano,0.2793427230046948,0.20354079855369625
130,crb,em 1a serie,0.28943661971830986,0.20080693167537536
131,acessosantafelicidade,ef 9o ano,0.21830985915492956,0.19789668628877571
132,colegiopremium,em 3a serie,0.06338028169014084,0.19683841523910311
133,domus,em 1a serie,0.02112676056338028,0.19630927971426682
134,novotempo,ef 9o ano,0.02112676056338028,0.19630927971426682
135,domus,em 2a serie,0.02112676056338028,0.19630927971426682
136,simbios,outro,0.02112676056338028,0.19630927971426682
137,montessori,em 1a serie,0.02112676056338028,0.19630927971426682
138,montessori,em 2a serie,0.02112676056338028,0.19630927971426682
139,montessori,em 3a serie,0.02112676056338028,0.19630927971426682
140,novotempo,em 2a serie,0.02112676056338028,0.19630927971426682
141,physicscidadenova,outro,0.02112676056338028,0.19630927971426682
142,physicsaugustomontenegro,outro,0.02112676056338028,0.19630927971426682
143,aescobjetivo,em 1a serie,0.12910798122065728,0.19630927971426682
144,domus,em 3a serie,0.02112676056338028,0.19630927971426682
145,novotempo,em 1a serie,0.02112676056338028,0.19630927971426682
146,novotempo,em 3a serie,0.02112676056338028,0.19630927971426682
147,colegiomagnum,em 3a serie,0.025352112676056335,0.19525100866459422
148,colegiobatistaindependente,ef 7o ano,0.16901408450704225,0.19472187313975792
149,acessoalmirantetamandare,ef 9o ano,0.20422535211267606,0.19048878894106752
150,prismapatrocinio,em 1a serie,0.2323943661971831,0.19048878894106752
151,idaam,em 3a serie,0.020246478873239437,0.19035650505985846
152,contemporaneolagoanova,ef 9o ano,0.06572769953051644,0.1864320832506559
153,portinari,em 3a serie,0.035211267605633804,0.1842449897479992
154,overnascimentodecastro,outro,0.02917505030181087,0.18066198633696484
155,physicsalcindocacela,em 2a serie,0.09859154929577464,0.18043521396917786
156,overmossoro,outro,0.018779342723004695,0.17990607844434156
157,prismapatrocinio,ef 2o ano,0.24647887323943662,0.17567299424565117
158,prismapatrocinio,em 2a serie,0.23943661971830985,0.17514385872081487
159,acessocampolargo,ef 9o ano,0.18309859154929578,0.17302731662146967
160,overmarciliofurtado,ef 9o ano,0.2323943661971831,0.17091077452212447
161,colegiobrasilia,ef 4o ano,0.21830985915492956,0.16879423242277927
162,aescobjetivo,ef 8o ano,0.15492957746478872,0.16879423242277927
163,physicsalmirantebarroso,ef 7o ano,0.07042253521126761,0.16879423242277927
164,colegioalphaunis,em 3a serie,0.1056338028169014,0.16773596137310667
165,progressaoig,em 3a serie,0.22065727699530518,0.16703044733999164
166,master,outro,0.023865414710485137,0.16685406883171286
167,physicsconselheirofurtado,em 2a serie,0.07746478873239436,0.16628083867980686
168,casdinhosjc,ef 8o ano,0.04929577464788732,0.1650902837489252
169,amadeus,em 1a serie,0.13943661971830987,0.1640320126992526
170,colegiobilac,ef 9o ano,0.1619718309859155,0.1635028771744163
171,acessoboqueirao,ef 9o ano,0.1954225352112676,0.16098948343144387
172,overjoaopessoa,outro,0.01584507042253521,0.1597989285005622
173,mariliamattoso,ef 7o ano,0.13732394366197184,0.15953436073814406
174,overjoaopessoa,ef 9o ano,0.2112676056338028,0.1582115219260533
175,physicscidadenova,ef 9o ano,0.04225352112676056,0.1571532508763807
176,physicsbatistacampos,ef 9o ano,0.04225352112676056,0.1571532508763807
177,nucleocriativo,em 1a serie,0.19014084507042253,0.1571532508763807
178,physicsalmirantebarroso,ef 6o ano,0.07042253521126761,0.1571532508763807
179,cursoenfase,outro,0.019718309859154928,0.15704742377141345
180,colegiobrasilia,ef 5o ano,0.20140845070422536,0.1560949798267081
181,mariliamattoso,ef 8o ano,0.14084507042253522,0.15556584430187181
182,adrianochan,outro,0.05348591549295775,0.1553568357695615
183,colegioflamingo,em 3a serie,0.18661971830985916,0.15424300548978107
184,overpontanegra,ef 8o ano,0.20422535211267606,0.15397843772736292
185,physicscidadenova,ef 8o ano,0.04225352112676056,0.15292016667769032
186,overzonanorte,ef 7o ano,0.19718309859154928,0.15292016667769032
187,physicsmacapa,em 1a serie,0.04225352112676056,0.15239103115285402
188,colegiobatistaindependente,ef 9o ano,0.13732394366197184,0.15106819234076327
189,colegiobilac,ef 6o ano,0.14788732394366197,0.15080362457834512
190,colegiobilac,ef 8o ano,0.14788732394366197,0.15027448905350882
191,overzonanorte,ef 8o ano,0.18309859154929578,0.15027448905350882
192,physicsaugustomontenegro,ef 9o ano,0.04225352112676056,0.14921621800383622
193,colegioalphaunis,em 2a serie,0.09859154929577464,0.14868708247899992
194,overzonanorte,ef 6o ano,0.19014084507042253,0.14815794695416362
195,physicsmacapa,ef 8o ano,0.056338028169014086,0.14815794695416362
196,physicsmacapa,ef 9o ano,0.056338028169014086,0.14815794695416362
197,colegioalphaunis,em 1a serie,0.09859154929577464,0.14762881142932735
198,physicsbatistacampos,ef 8o ano,0.04225352112676056,0.14762881142932735
199,physicscidadenova,ef 7o ano,0.04225352112676056,0.14762881142932735
200,physicsalmirantebarroso,ef 8o ano,0.056338028169014086,0.14762881142932735
201,crb,em 3a serie,0.19919517102615694,0.1467217219581794
202,overmossoro,em 2a serie,0.014084507042253521,0.14551226932998215
203,amadeus,ef 7o ano,0.18309859154929578,0.14498313380514585
204,physicsalcindocacela,outro,0.01564945226917058,0.14486554813296
205,prismapatrocinio,ef 6o ano,0.1795774647887324,0.14392486275547325
206,aescobjetivo,ef 6o ano,0.14788732394366197,0.14392486275547325
207,colegiosete,ef 6o ano,0.176056338028169,0.14392486275547325
208,universobarcarena,ef 9o ano,0.18661971830985916,0.14339572723063695
209,dommga,em 3a serie,0.02112676056338028,0.14286659170580066
210,colegiobilac,ef 7o ano,0.14084507042253522,0.14286659170580066
211,physicsbatistacampos,ef 7o ano,0.04225352112676056,0.14233745618096436
212,physicsaugustomontenegro,ef 8o ano,0.04929577464788732,0.14022091408161916
213,colegiosete,ef 9o ano,0.16901408450704225,0.14022091408161916
214,physicsaugustomontenegro,ef 7o ano,0.04929577464788732,0.13969177855678286
215,colegiosete,ef 7o ano,0.16901408450704225,0.13863350750711026
216,colegioflamingo,em 2a serie,0.18309859154929578,0.1383689397446921
217,mariliamattoso,ef 9o ano,0.1056338028169014,0.1378398042198558
218,colegiosete,ef 8o ano,0.16901408450704225,0.13757523645743766
219,colegiobrasilia,ef 9o ano,0.15375586854460094,0.13748704720329827
220,aescobjetivo,ef 7o ano,0.1267605633802817,0.13545869435809246
221,colegioglobal,em 3a serie,0.14084507042253522,0.13440042330841986
222,mariliamattoso,ef 6o ano,0.1443661971830986,0.13413585554600171
223,acessosjpinhais,ef 9o ano,0.15492957746478872,0.13404766629186235
224,colegioglobal,em 2a serie,0.13380281690140844,0.13228388120907467
225,apogeustoantonio2,outro,0.027085590465872153,0.1317954484169181
226,sagradafamilia,em 3a serie,0.017605633802816902,0.13096104239698392
227,educandarioterciocorreia,ef 8o ano,0.1619718309859155,0.13069647463456577
228,physicsconselheirofurtado,em 1a serie,0.06338028169014084,0.13048482042463125
229,crb,ef 8o ano,0.22535211267605634,0.12975578925707903
230,nucleocriativo,ef 9o ano,0.14788732394366197,0.12910906806005687
231,master,em 1a serie,0.04225352112676056,0.12784502208405907
232,physicsalcindocacela,em 3a serie,0.03755868544600939,0.12663976894415416
233,overmossoro,ef 7o ano,0.1619718309859155,0.1264633904358754
234,macvest,outro,0.017605633802816902,0.1264633904358754
235,nucleocriativo,ef 7o ano,0.14084507042253522,0.1264633904358754
236,nucleocriativo,ef 6o ano,0.14084507042253522,0.1264633904358754
237,universobarcarena,ef 7o ano,0.16431924882629106,0.12611063341931786
238,stellamarisjuveve,ef 9o ano,0.17253521126760563,0.1259342549110391
239,physicscidadenova,ef 6o ano,0.04225352112676056,0.1254051193862028
240,institutocristao,ef 6o ano,0.176056338028169,0.1254051193862028
241,colegiobatistaindependente,em 2a serie,0.176056338028169,0.1254051193862028
242,universobarcarena,ef 6o ano,0.1619718309859155,0.12487598386136649
243,prismapatrocinio,ef 9o ano,0.15492957746478872,0.12487598386136649
244,colegiointegral,ef 6o ano,0.06338028169014084,0.12487598386136649
245,prismapatrocinio,ef 7o ano,0.14788732394366197,0.12461141609894834
246,nucleocriativo,ef 8o ano,0.14788732394366197,0.12434684833653019
247,physicsumarizal,ef 8o ano,0.04225352112676056,0.12381771281169389
248,crb,ef 7o ano,0.2151799687010955,0.12340616295904344
249,prismapatrocinio,ef 8o ano,0.15492957746478872,0.12293582027030008
250,colegioecursodesafio,em 2a serie,0.13028169014084506,0.1227594417620213
251,colegiojoaopaulo,ef 7o ano,0.08215962441314553,0.122230306237185
252,colegiointegral,em 3a serie,0.03755868544600939,0.12187754922062748
253,colegioup,em 3a serie,0.15258215962441316,0.12187754922062748
254,colegioecursodesafio,em 3a serie,0.12323943661971831,0.12143660294993056
255,colegioarena,outro,0.02112676056338028,0.1211720351875124
256,overmossoro,ef 9o ano,0.15492957746478872,0.1211720351875124
257,stellamarisxaxim,ef 9o ano,0.1619718309859155,0.1211720351875124
258,universobarcarena,ef 4o ano,0.15492957746478872,0.1211720351875124
259,universitariolondrina,outro,0.04538341158059468,0.1209368638431407
260,physicsumarizal,ef 6o ano,0.045774647887323945,0.1206428996626761
261,physicsbatistacampos,ef 6o ano,0.04225352112676056,0.1201137641378398
262,crb,ef 9o ano,0.2003841229193342,0.11919980277675893
263,colegiojoaopaulo,ef 8o ano,0.09859154929577464,0.11905549308816721
264,santamariacn,em 3a serie,0.07394366197183098,0.11879092532574906
265,colegioflamingo,em 1a serie,0.1619718309859155,0.11826178980091276
266,crb,ef 6o ano,0.20833333333333331,0.11808541129263399
267,colegioplanck,em 3a serie,0.025821596244131457,0.11764446502193708
268,universobarcarena,ef 8o ano,0.15845070422535212,0.11640981546398571
269,sagradafamilia,em 2a serie,0.014084507042253521,0.11640981546398571
270,master,em 2a serie,0.043910521955260975,0.11619193613022959
271,colegioglobal,em 1a serie,0.11971830985915492,0.11588067993914941
272,overmossoro,ef 8o ano,0.14788732394366197,0.11588067993914941
273,maplebearslz,em 2a serie,0.09154929577464789,0.11508697665189496
274,educandarioterciocorreia,ef 6o ano,0.11971830985915492,0.11482240888947681
275,nucleocriativo,ef 5o ano,0.13380281690140844,0.11482240888947681
276,master,ef 9o ano,0.05428403755868545,0.11433736799171021
277,nucleocriativo,ef 4o ano,0.13380281690140844,0.11429327336464051
278,colegioup,em 1a serie,0.142018779342723,0.11394051634808298
279,physicsaugustomontenegro,ef 6o ano,0.04929577464788732,0.11270586679013163
280,progressaoig,em 1a serie,0.176056338028169,0.11270586679013163
281,ceprimeiromundo,em 2a serie,0.057511737089201875,0.1123531097735741
282,maplebearslz,em 1a serie,0.09507042253521127,0.11217673126529533
283,ceprimeiromundo,em 1a serie,0.06619718309859156,0.1114359415305245
284,colegiopremium,em 1a serie,0.03169014084507042,0.11138302797804088
285,colegiobrasilia,ef 8o ano,0.14348591549295775,0.11138302797804088
286,colegiouniverso,ef 9o ano,0.028169014084507043,0.11111846021562273
287,stellamarisxaxim,ef 7o ano,0.14084507042253522,0.11058932469078643
288,colegioarena,em 2a serie,0.1267605633802817,0.11058932469078643
289,educandarioterciocorreia,ef 9o ano,0.13380281690140844,0.11006018916595013
290,stellamarisxaxim,ef 8o ano,0.14788732394366197,0.11006018916595013
291,brasilcursinhos,outro,0.014084507042253521,0.1097074321493926
292,amadeus,ef 8o ano,0.10798122065727699,0.10935467513283506
293,jazzvestibular,outro,0.028169014084507043,0.10794364706660493
294,santoamerico,outro,0.020539906103286383,0.1065326190003748
295,universobarcarena,ef 2o ano,0.14084507042253522,0.10635624049209604
296,colegioup,em 2a serie,0.13145539906103287,0.1060034834755385
297,sagradafamilia,em 1a serie,0.014084507042253521,0.10582710496725974
298,colegiobatistaindependente,ef 8o ano,0.10798122065727699,0.10547434795070221
299,prismapatrocinio,outro,0.08450704225352113,0.10529796944242344
300,colegiobrasilia,ef 2o ano,0.13380281690140844,0.10529796944242344
301,colegiobrasilia,ef 3o ano,0.13380281690140844,0.10529796944242344
302,colegioecursodesafio,ef 8o ano,0.09859154929577464,0.10529796944242344
303,amadeus,ef 6o ano,0.13380281690140844,0.10459245540930837
304,educandarioterciocorreia,ef 7o ano,0.11971830985915492,0.10423969839275084
305,colegiouniverso,ef 6o ano,0.04929577464788732,0.10318142734307825
306,invictus,em 2a serie,0.09859154929577464,0.10318142734307825
307,colegiouniverso,ef 7o ano,0.04929577464788732,0.10318142734307825
308,stellamarisxaxim,ef 6o ano,0.13028169014084506,0.10318142734307825
309,colegiouniverso,ef 8o ano,0.04929577464788732,0.10318142734307825
310,cats,outro,0.014084507042253521,0.10265229181824195
311,colegioecursodesafio,ef 9o ano,0.09507042253521127,0.1023877240558238
312,mariliamattoso,ef 5o ano,0.11971830985915492,0.10212315629340565
313,invictus,ef 8o ano,0.09859154929577464,0.10159402076856935
314,deltaeducacional,em 1a serie,0.056338028169014086,0.10124126375201183
315,colegiojoaopaulo,ef 6o ano,0.07042253521126761,0.10106488524373305
316,colegiopremium,ef 7o ano,0.04929577464788732,0.10106488524373305
317,casdinhosjc,ef 9o ano,0.03169014084507042,0.10044756046475738
318,colegioarena,em 1a serie,0.11267605633802817,0.10000661419406046
319,colegioensitec,em 3a serie,0.01056338028169014,0.10000661419406046
320,overmossoro,ef 6o ano,0.1267605633802817,0.10000661419406046
321,colegiobrasilia,em 2a serie,0.10211267605633803,0.09947747866922416
322,colegiomagnum,em 2a serie,0.007042253521126761,0.09789007209471526
323,educarse,outro,0.028169014084507043,0.09789007209471526
324,elitecuritiba,outro,0.007042253521126761,0.09789007209471526
325,colegiomagnum,em 1a serie,0.007042253521126761,0.09789007209471526
326,villalobos,em 2a serie,0.18661971830985916,0.09709636880746081
327,invictus,em 1a serie,0.08450704225352113,0.09683180104504266
328,colegioiguatemy,ef 8o ano,0.11971830985915492,0.09577352999537006
329,stellamarisxaxim,ef 4o ano,0.11971830985915492,0.09524439447053376
330,colegiointegral,ef 7o ano,0.04753521126760563,0.09484754282690654
331,invictus,em 3a serie,0.11267605633802817,0.09471525894569746
332,colegiobrasilia,ef 7o ano,0.11971830985915492,0.09471525894569746
333,colegiobilac,ef 5o ano,0.11971830985915492,0.09471525894569746
334,colegiojoaopaulo,ef 5o ano,0.06690140845070422,0.09418612342086116
335,isem,ef 8o ano,0.2112676056338028,0.09365698789602486
336,acessosjpinhais,ef 7o ano,0.14319248826291078,0.09348060938774609
337,colegioiguatemy,ef 6o ano,0.11971830985915492,0.09312785237118858
338,colegioiguatemy,ef 7o ano,0.11971830985915492,0.09312785237118858
339,colegiopremium,em 2a serie,0.02464788732394366,0.09259871684635228
340,overabelcabral,ef 9o ano,0.125,0.09259871684635228
341,colegioiguatemy,ef 9o ano,0.11267605633802817,0.09259871684635228
342,amais,em 3a serie,0.007042253521126761,0.09259871684635228
343,acessosjpinhais,ef 8o ano,0.13849765258215962,0.09206958132151598
344,isem,ef 9o ano,0.22535211267605634,0.09206958132151598
345,acessosantafelicidade,ef 7o ano,0.13732394366197184,0.09206958132151598
346,aescobjetivo,ef 5o ano,0.15845070422535212,0.09206958132151598
347,profederal,outro,0.08215962441314553,0.09165803146886552
348,colegioeducallis,em 3a serie,0.009054325955734405,0.0913136734288927
349,stellamarisaguaverde,ef 7o ano,0.1267605633802817,0.09101131027184338
350,escolaceciliameireles,ef 4o ano,0.09154929577464789,0.09048217474700708
351,colegioalphaunis,ef 9o ano,0.1056338028169014,0.08995303922217078
352,conexaosaber,ef 3o ano,0.176056338028169,0.08995303922217078
353,colegiofuturageracao,ef 8o ano,0.11267605633802817,0.08995303922217078
354,santamariacn,em 2a serie,0.04929577464788732,0.08968847145975263
355,isem,ef 6o ano,0.21830985915492956,0.08942390369733448
356,acessoalmirantetamandare,ef 6o ano,0.11971830985915492,0.08836563264766188
357,escolaceciliameireles,ef 6o ano,0.08450704225352113,0.08783649712282558
358,acessosjpinhais,ef 6o ano,0.13145539906103287,0.08713098308971051
359,colegiobatistaindependente,em 1a serie,0.1267605633802817,0.08704279383557113
360,colegiobrasilia,ef 6o ano,0.09859154929577464,0.08677822607315298
361,acessofazendariogrande,ef 7o ano,0.13380281690140844,0.08624909054831668
362,cem,em 1a serie,0.19014084507042253,0.08624909054831668
363,invictus,ef 9o ano,0.07042253521126761,0.08571995502348038
364,colegiopremium,ef 6o ano,0.04225352112676056,0.08519081949864409
365,objetivolorena,em 2a serie,0.07746478873239436,0.08519081949864409
366,acessosantafelicidade,ef 6o ano,0.1267605633802817,0.08519081949864409
367,villalobos,em 3a serie,0.15492957746478872,0.08413254844897149
368,stellamarisxaxim,ef 5o ano,0.1056338028169014,0.08413254844897149
369,escolaceciliameireles,ef 5o ano,0.08450704225352113,0.0836034129241352
370,physicsmacapa,outro,0.009389671361502348,0.0836034129241352
371,conexaosaber,ef 9o ano,0.1267605633802817,0.0825451418744626
372,invictus,ef 7o ano,0.07746478873239436,0.0825451418744626
373,acessocampolargo,ef 8o ano,0.11267605633802817,0.0825451418744626
374,stellamarisjuveve,ef 5o ano,0.10798122065727699,0.0820160063496263
375,acessofazendariogrande,ef 6o ano,0.1267605633802817,0.0820160063496263
376,universobarcarena,ef 3o ano,0.11267605633802817,0.08175143858720815
377,amadeus,ef 9o ano,0.06666666666666667,0.08127521661485548
378,acessoalmirantetamandare,ef 7o ano,0.11971830985915492,0.0809577352999537
379,colegioecursodesafio,ef 6o ano,0.07746478873239436,0.08060497828339618
380,cem,em 2a serie,0.176056338028169,0.0804285997751174
381,overmarciliofurtado,ef 8o ano,0.10211267605633803,0.0793703287254448
382,prismapatrocinio,ef 5o ano,0.08450704225352113,0.0788411932006085
383,crescercampinas,em 2a serie,0.2535211267605634,0.0788411932006085
384,acessocampolargo,ef 7o ano,0.1056338028169014,0.0788411932006085
385,overzonanorte,ef 4o ano,0.09859154929577464,0.0788411932006085
386,colegiobilac,ef 3o ano,0.09859154929577464,0.0788411932006085
387,cnslpb,em 3a serie,0.05985915492957746,0.07870890931939943
388,institutocristao,ef 7o ano,0.11267605633802817,0.0783120576757722
389,spdacruz,em 2a serie,0.11384976525821597,0.07822386842163283
390,acessoboqueirao,ef 8o ano,0.11971830985915492,0.07778292215093591
391,institutocristao,em 2a serie,0.09154929577464789,0.07778292215093591
392,stellamarisjuveve,ef 7o ano,0.1056338028169014,0.07760654364265714
393,porto,em 1a serie,0.06901408450704226,0.07732433802941112
394,acessosantafelicidade,ef 8o ano,0.11267605633802817,0.07725378662609961
395,portinari,ef 9o ano,0.08591549295774648,0.07693630531119783
396,colegiointegral,ef 8o ano,0.03802816901408451,0.07683047820623057
397,spdacruz,ef 9o ano,0.09054325955734407,0.07672465110126331
398,cnslpb,em 2a serie,0.06572769953051644,0.07619551557642701
399,stellamarisxaxim,ef 3o ano,0.09507042253521127,0.07619551557642701
400,nucleocriativo,ef 1o ano,0.09859154929577464,0.07619551557642701
401,progressaoig,ef 9o ano,0.11737089201877936,0.07584275855986948
402,stellamarisaguaverde,ef 6o ano,0.1056338028169014,0.07566638005159071
403,stellamarisxaxim,ef 2o ano,0.09507042253521127,0.07566638005159071
404,crescercampinas,em 3a serie,0.28169014084507044,0.07540181228917256
405,acessosjpinhais,ef 5o ano,0.11267605633802817,0.07513724452675441
406,stellamarisjuveve,ef 4o ano,0.09389671361502348,0.07496086601847564
407,colegiointegral,ef 4o ano,0.06338028169014084,0.07460810900191811
408,colegiointegral,ef 5o ano,0.06338028169014084,0.07460810900191811
409,colegiofuturageracao,ef 7o ano,0.09859154929577464,0.07407897347708181
410,colegiobatistaindependente,em 3a serie,0.10211267605633803,0.07407897347708181
411,pioxi,em 1a serie,0.09859154929577464,0.07407897347708181
412,acessofazendariogrande,ef 8o ano,0.11267605633802817,0.07407897347708181
413,overpontanegra,ef 7o ano,0.09577464788732394,0.07376149216218005
414,cem,em 3a serie,0.1619718309859155,0.07354983795224553
415,physicsbatistacampos,ef 5o ano,0.06338028169014084,0.07354983795224553
416,prismapatrocinio,ef 4o ano,0.07746478873239436,0.07354983795224553
417,colegioiguatemy,em 2a serie,0.056338028169014086,0.07341755407103645
418,universobarcarena,ef 1o ano,0.10211267605633803,0.07302070242740923
419,colegiopremium,ef 9o ano,0.025821596244131457,0.07249156690257293
420,spdacruz,ef 6o ano,0.07847082494969819,0.07234038532404827
421,aescobjetivo,ef 4o ano,0.11267605633802817,0.07222699914015478
422,colegiofuturageracao,ef 9o ano,0.09859154929577464,0.07196243137773663
423,conexaosaber,ef 8o ano,0.11267605633802817,0.07196243137773663
424,colegioup,ef 9o ano,0.07922535211267606,0.07169786361531848
425,stellamarisjuveve,ef 6o ano,0.09859154929577464,0.07143329585290033
426,master,ef 5o ano,0.05489346334416757,0.07128405249974137
427,pioxi,em 3a serie,0.009389671361502348,0.07072778181978526
428,physicsmacapa,ef 7o ano,0.028169014084507043,0.07063959256564588
429,pioxiicolegio,em 3a serie,0.07042253521126761,0.06984588927839143
430,invictus,ef 6o ano,0.056338028169014086,0.06984588927839143
431,nucleocriativo,ef 2o ano,0.08450704225352113,0.06984588927839143
432,colegioecursoprogressao,em 2a serie,0.1056338028169014,0.0694490376347642
433,overabelcabral,ef 7o ano,0.09014084507042254,0.06942258085852239
434,progressaodc,em 2a serie,0.10387323943661972,0.06905218599113698
435,master,ef 8o ano,0.03990610328638498,0.06885376016932337
436,institutocristao,ef 9o ano,0.08450704225352113,0.06878761822871883
437,einsteinassis,em 1a serie,0.08450704225352113,0.06825848270388253
438,physicsaugustomontenegro,ef 5o ano,0.056338028169014086,0.06825848270388253
439,physicsumarizal,ef 5o ano,0.056338028169014086,0.06825848270388253
440,colegiobilac,ef 4o ano,0.08450704225352113,0.06825848270388253
441,casdvest,outro,0.051643192488262914,0.06808210419560376
442,cnslpb,em 1a serie,0.04929577464788732,0.067905725687325
443,physicsumarizal,ef 4o ano,0.056338028169014086,0.06772934717904623
444,cem,ef 9o ano,0.14788732394366197,0.06772934717904623
445,physicsaugustomontenegro,ef 4o ano,0.056338028169014086,0.06772934717904623
446,physicsbatistacampos,ef 4o ano,0.056338028169014086,0.06772934717904623
447,physicscidadenova,ef 4o ano,0.056338028169014086,0.06772934717904623
448,provaspoliedro,em 3a serie,0.051643192488262914,0.0673765901624887
449,acessohauer,ef 6o ano,0.09389671361502348,0.06720021165420993
450,master,ef 6o ano,0.041690140845070424,0.06696739202328196
451,colegioecursodesafio,ef 7o ano,0.05868544600938968,0.06649469762109488
452,colegioglobal,ef 8o ano,0.07746478873239436,0.06614194060453733
453,physicsalmirantebarroso,ef 3o ano,0.056338028169014086,0.06561280507970103
454,physicsaugustomontenegro,ef 3o ano,0.056338028169014086,0.06561280507970103
455,physicsbatistacampos,ef 3o ano,0.056338028169014086,0.06561280507970103
456,pioxiicolegio,em 1a serie,0.09859154929577464,0.06561280507970103
457,educandarioterciocorreia,ef 4o ano,0.08450704225352113,0.06561280507970103
458,physicscidadenova,ef 3o ano,0.056338028169014086,0.06561280507970103
459,colegioglobal,ef 7o ano,0.07746478873239436,0.06561280507970103
460,colegiointegral,em 2a serie,0.022887323943661973,0.06508366955486473
461,colegiointegral,em 1a serie,0.022887323943661973,0.06508366955486473
462,colegiointegral,ef 3o ano,0.06338028169014084,0.06508366955486473
463,colegioalphaunis,ef 7o ano,0.07746478873239436,0.06508366955486473
464,colegioalphaunis,ef 6o ano,0.07746478873239436,0.06455453403002843
465,acessocampolargo,ef 6o ano,0.08450704225352113,0.06455453403002843
466,acessohauer,ef 7o ano,0.09154929577464789,0.06437815552174968
467,maplebearslz,ef 7o ano,0.09389671361502348,0.0642017770134709
468,einsteinassis,em 2a serie,0.07746478873239436,0.06402539850519215
469,colegioalphaunis,ef 8o ano,0.07746478873239436,0.06402539850519215
470,colegioup,ef 7o ano,0.07746478873239436,0.06367264148863461
471,portinari,ef 8o ano,0.06901408450704226,0.06360209008532311
472,overabelcabral,ef 8o ano,0.08309859154929577,0.06296712745551955
473,colegiouirapuru,ef 4o ano,0.09154929577464789,0.06296712745551955
474,colegiobilac,ef 2o ano,0.07746478873239436,0.06296712745551955
475,colegiobilac,ef 1o ano,0.07746478873239436,0.06296712745551955
476,colegioglobal,ef 6o ano,0.07746478873239436,0.06296712745551955
477,educandarioterciocorreia,ef 5o ano,0.07042253521126761,0.06296712745551955
478,physicsalmirantebarroso,ef 5o ano,0.04929577464788732,0.06296712745551955
479,deltaeducacional,em 3a serie,0.028169014084507043,0.06296712745551955
480,physicsbatistacampos,ef 2o ano,0.056338028169014086,0.06296712745551955
481,physicscidadenova,ef 2o ano,0.056338028169014086,0.06296712745551955
482,master,ef 2o ano,0.056130903065451536,0.0628893134077495
483,colegiosete,ef 5o ano,0.09154929577464789,0.06275547324558502
484,einsteinassis,em 3a serie,0.09154929577464789,0.062437991930683244
485,physicsalmirantebarroso,ef 4o ano,0.04929577464788732,0.062437991930683244
486,master,ef 7o ano,0.03814553990610329,0.06232775536300902
487,colegiointegral,ef 2o ano,0.06338028169014084,0.061908856405846945
488,portinari,ef 6o ano,0.07746478873239436,0.06137972088101065
489,conexaosaber,ef 7o ano,0.09859154929577464,0.06137972088101065
490,colegioecursoprogressao,em 1a serie,0.09436619718309859,0.06106223956610887
491,master,ef 4o ano,0.04342723004694836,0.061056360282499576
492,cbpdigital,ef 6o ano,0.03873239436619718,0.06085058535617435
493,colegioiguatemy,em 3a serie,0.03697183098591549,0.06085058535617435
494,pioxiicolegio,em 2a serie,0.07042253521126761,0.06085058535617435
495,conexaosaber,ef 6o ano,0.09154929577464789,0.06085058535617435
496,cem,ef 6o ano,0.11971830985915492,0.06032144983133805
497,acessoalmirantetamandare,ef 8o ano,0.08450704225352113,0.06032144983133805
498,ceespacolivre,em 1a serie,0.06338028169014084,0.06032144983133805
499,psantagema,em 2a serie,0.045774647887323945,0.06032144983133805
500,colegioup,ef 8o ano,0.0727699530516432,0.06014507132305929
501,colegioup,ef 6o ano,0.07042253521126761,0.05996869281478052
502,colegiosete,ef 3o ano,0.07746478873239436,0.059527746544083604
503,isem,ef 7o ano,0.14319248826291078,0.05943955728994422
504,stellamarisaguaverde,ef 5o ano,0.09154929577464789,0.059263178781665454
505,acessosantafelicidade,ef 5o ano,0.08450704225352113,0.059263178781665454
506,stellamarisjuveve,ef 3o ano,0.0721830985915493,0.058998611019247305
507,overzonanorte,ef 5o ano,0.08450704225352113,0.058734043256829155
508,ceprimeiromundo,ef 8o ano,0.047283702213279676,0.058204907731992855
509,pioxi,em 2a serie,0.07746478873239436,0.058204907731992855
510,colegiojoaopaulo,ef 9o ano,0.04460093896713615,0.058204907731992855
511,colegiojoaopaulo,ef 4o ano,0.056338028169014086,0.058204907731992855
512,psantagema,ef 9o ano,0.045774647887323945,0.057940339969574706
513,overlimaesilva,ef 3o ano,0.07042253521126761,0.057675772207156556
514,physicsaugustomontenegro,ef 2o ano,0.04929577464788732,0.057675772207156556
515,institutocristao,em 3a serie,0.07042253521126761,0.057675772207156556
516,objetivolorena,ef 5o ano,0.07042253521126761,0.057675772207156556
517,overmossoro,ef 2o ano,0.07042253521126761,0.057675772207156556
518,portinari,ef 4o ano,0.06338028169014084,0.057675772207156556
519,overmossoro,ef 4o ano,0.07042253521126761,0.057675772207156556
520,conexaosaber,ef 2o ano,0.08450704225352113,0.057146636682320257
521,villalobos,ef 8o ano,0.10211267605633803,0.05688206891990211
522,ceprimeiromundo,ef 7o ano,0.04460093896713615,0.056352933395065814
523,conexaosaber,ef 5o ano,0.09154929577464789,0.056088365632647665
524,ciadosaber,ef 9o ano,0.07746478873239436,0.056088365632647665
525,crescercampinas,em 1a serie,0.15845070422535212,0.05595608175143859
526,spdacruz,ef 8o ano,0.06237424547283703,0.055861593264860676
527,colegioiguatemy,em 1a serie,0.04929577464788732,0.055559230107811365
528,educandarioterciocorreia,ef 3o ano,0.07042253521126761,0.055559230107811365
529,overpontanegra,ef 9o ano,0.0721830985915493,0.05542694622660229
530,psantagema,ef 8o ano,0.05399061032863849,0.0553828515995326
531,overlimaesilva,ef 2o ano,0.06690140845070422,0.055030094582975066
532,acessoalmirantetamandare,ef 5o ano,0.07746478873239436,0.055030094582975066
533,cem,ef 7o ano,0.11971830985915492,0.055030094582975066
534,nucleocriativo,ef 3o ano,0.06338028169014084,0.055030094582975066
535,maplebearslz,ef 9o ano,0.0528169014084507,0.05463324293934784
536,cem,ef 5o ano,0.07746478873239436,0.05397182353330247
537,cem,ef 8o ano,0.11971830985915492,0.05397182353330247
538,spdacruz,ef 7o ano,0.05868544600938968,0.05353087726260555
539,overpontanegra,ef 6o ano,0.06690140845070422,0.05317812024604802
540,colegiobrasilia,em 1a serie,0.05477308294209703,0.05308993099190863
541,cem,ef 4o ano,0.07746478873239436,0.05291355248362987
542,acessohauer,ef 5o ano,0.07394366197183098,0.05291355248362987
543,colegioecursoprogressao,em 3a serie,0.0678617157490397,0.0528654492540993
544,porto,em 2a serie,0.06854460093896712,0.052490244063760835
545,objetivolorena,ef 4o ano,0.06338028169014084,0.05238441695879357
546,aescobjetivo,ef 3o ano,0.13380281690140844,0.05238441695879357
547,deltaeducacional,em 2a serie,0.04225352112676056,0.05238441695879357
548,portinari,ef 5o ano,0.056338028169014086,0.05238441695879357
549,oficinadoestudante,outro,0.02112676056338028,0.05238441695879357
550,portinari,ef 3o ano,0.056338028169014086,0.05238441695879357
551,objetivolorena,ef 8o ano,0.0528169014084507,0.05211984919637542
552,master,ef 3o ano,0.04124748490945674,0.051326145909120977
553,porto,ef 9o ano,0.13380281690140844,0.05114976740084221
554,acessofazendariogrande,ef 5o ano,0.07042253521126761,0.05079701038428468
555,cursosazambuja,outro,0.013946423639878486,0.05049612939957384
556,objetivolorena,ef 9o ano,0.04647887323943662,0.0504795290693829
557,progressaodc,em 3a serie,0.06455399061032864,0.05035606411358776
558,cem,ef 2o ano,0.07746478873239436,0.05026787485944838
559,cem,ef 3o ano,0.07746478873239436,0.05026787485944838
560,contemporaneocidadeverde,ef 3o ano,0.0,0.05026787485944838
561,cnslpb,ef 9o ano,0.03286384976525822,0.05026787485944838
562,maplebearslz,ef 8o ano,0.0721830985915493,0.04987102321582115
563,contemporaneolagoanova,ef 8o ano,0.05985915492957746,0.04973873933461208
564,physicscidadenova,ef 5o ano,0.045774647887323945,0.04973873933461208
565,qescola,ef 7o ano,0.0,0.04973873933461208
566,spdacruz,em 1a serie,0.06338028169014084,0.04973873933461208
567,beityaacov,em 3a serie,0.007042253521126761,0.04973873933461208
568,colegiopremium,ef 8o ano,0.023474178403755867,0.049562360826333314
569,aescobjetivo,ef 2o ano,0.09859154929577464,0.04920960380977578
570,stellamarisjuveve,ef 8o ano,0.06514084507042253,0.04894503604735763
571,einsteinassis,ef 6o ano,0.11267605633802817,0.04868046828493948
572,colegioglobal,ef 4o ano,0.056338028169014086,0.04868046828493948
573,porto,em 3a serie,0.053629469122426866,0.0481920354927829
574,progressaodc,em 1a serie,0.07183098591549296,0.04783385144520141
575,estantemagica,outro,0.0,0.04762219723526688
576,amadeus,ef 3o ano,0.07746478873239436,0.04762219723526688
577,colegioglobal,ef 3o ano,0.056338028169014086,0.04762219723526688
578,cbpdigital,ef 5o ano,0.045774647887323945,0.04762219723526688
579,apogeustoantonio2,ef 9o ano,0.007042253521126761,0.04762219723526688
580,overmarciliofurtado,ef 7o ano,0.058098591549295774,0.04735762947284873
581,overzonanorte,ef 1o ano,0.056338028169014086,0.04709306171043058
582,amadeus,ef 2o ano,0.07042253521126761,0.04709306171043058
583,colegiofuturageracao,ef 5o ano,0.056338028169014086,0.04709306171043058
584,cbpdigital,ef 9o ano,0.03169014084507042,0.04709306171043058
585,ceprimeiromundo,ef 6o ano,0.03990610328638498,0.04682849394801243
586,pioxiicolegio,ef 9o ano,0.07981220657276995,0.046740304693873046
587,crescercampinas,ef 8o ano,0.08274647887323944,0.04669621006680336
588,cbpdigital,ef 8o ano,0.04929577464788732,0.04656392618559429
589,acessofazendariogrande,ef 3o ano,0.04929577464788732,0.04656392618559429
590,colegiofuturageracao,ef 3o ano,0.056338028169014086,0.04656392618559429
591,ceprimeiromundo,ef 9o ano,0.03822937625754527,0.04641274460706962
592,colegioglobal,ef 5o ano,0.051643192488262914,0.04603479066075799
593,cbpdigital,ef 4o ano,0.04225352112676056,0.04524108737350354
594,einsteinassis,ef 9o ano,0.09859154929577464,0.04497651961108539
595,amadeus,ef 5o ano,0.07746478873239436,0.04497651961108539
596,colegiofuturageracao,ef 6o ano,0.04929577464788732,0.04471195184866724
597,contemporaneocidadeverde,ef 7o ano,0.0528169014084507,0.04444738408624909
598,colegioensitec,em 2a serie,0.07394366197183098,0.04444738408624909
599,integra,ef 8o ano,0.04225352112676056,0.04444738408624909
600,portinari,ef 7o ano,0.062206572769953054,0.044359194832109705
601,magister,ef 5o ano,0.028169014084507043,0.04418281632383094
602,crescercampinas,ef 6o ano,0.07511737089201878,0.04391824856141279
603,ciadosaber,ef 5o ano,0.0528169014084507,0.04391824856141279
604,crescercampinas,ef 7o ano,0.08169014084507042,0.04370659435147827
605,cnslpb,ef 8o ano,0.01643192488262911,0.043565491544855256
606,stellamarisaguaverde,ef 4o ano,0.051643192488262914,0.043565491544855256
607,spdacruz,em 3a serie,0.06136820925553319,0.04350249922046998
608,einsteinassis,ef 8o ano,0.09859154929577464,0.04338911303657649
609,ceespacolivre,ef 6o ano,0.03755868544600939,0.04338911303657649
610,physicsumarizal,ef 3o ano,0.03169014084507042,0.04312454527415834
611,escolaceciliameireles,ef 2o ano,0.035211267605633804,0.04285997751174019
612,colegioensitec,em 1a serie,0.07042253521126761,0.04259540974932204
613,villalobos,ef 7o ano,0.07746478873239436,0.04259540974932204
614,conexaosaber,ef 1o ano,0.05985915492957746,0.04259540974932204
615,magister,ef 4o ano,0.025821596244131457,0.04250722049518266
616,psantagema,ef 6o ano,0.02112676056338028,0.0418017064620676
617,contemporaneolagoanova,ef 7o ano,0.04929577464788732,0.0418017064620676
618,overmossoro,ef 5o ano,0.04929577464788732,0.0418017064620676
619,colegioecursodesafio,ef 5o ano,0.04929577464788732,0.0418017064620676
620,contemporaneocidadeverde,ef 6o ano,0.04929577464788732,0.0418017064620676
621,overpontanegra,ef 1o ano,0.04929577464788732,0.0418017064620676
622,colegiofuturageracao,ef 4o ano,0.04929577464788732,0.0418017064620676
623,contemporaneolagoanova,ef 6o ano,0.04929577464788732,0.0418017064620676
624,cnslpb,ef 7o ano,0.014084507042253521,0.0418017064620676
625,stellamarisaguaverde,ef 2o ano,0.04929577464788732,0.0418017064620676
626,colegiocb,ef 3o ano,0.04929577464788732,0.0418017064620676
627,amadeus,ef 4o ano,0.07746478873239436,0.0418017064620676
628,einsteinassis,ef 7o ano,0.1056338028169014,0.0418017064620676
629,ceespacolivre,ef 7o ano,0.035211267605633804,0.04153713869964945
630,colegiomundial,em 3a serie,0.0,0.040743435412395
631,ceespacolivre,ef 8o ano,0.035211267605633804,0.040743435412395
632,oficinadoestudante,ef 2o ano,0.056338028169014086,0.040743435412395
633,oficinadoestudante,ef 4o ano,0.056338028169014086,0.040743435412395
634,oficinadoestudante,ef 5o ano,0.056338028169014086,0.040743435412395
635,oficinadoestudante,ef 3o ano,0.056338028169014086,0.040743435412395
636,villalobos,ef 6o ano,0.07746478873239436,0.040743435412395
637,acessofazendariogrande,ef 4o ano,0.04929577464788732,0.040743435412395
638,acessosantafelicidade,ef 3o ano,0.04225352112676056,0.040743435412395
639,acessoalmirantetamandare,ef 3o ano,0.04225352112676056,0.040743435412395
640,colegiomundial,em 2a serie,0.0,0.040743435412395
641,crescercampinas,ef 9o ano,0.0880281690140845,0.040655246158255616
642,maplebearslz,ef 6o ano,0.051056338028169015,0.03981744824393148
643,portinari,em 1a serie,0.017354124748490945,0.03960957357346007
644,colegiouirapuru,ef 5o ano,0.04627766599597585,0.03960957357346007
645,ciadosaber,ef 6o ano,0.04929577464788732,0.03936768304782062
646,vitae,ef 2o ano,0.035211267605633804,0.0391560288378861
647,aescobjetivo,ef 1o ano,0.07042253521126761,0.0391560288378861
648,villalobos,ef 9o ano,0.07746478873239436,0.03880327182132857
649,objetivolorena,em 1a serie,0.036619718309859155,0.038732720418017064
650,ciadosaber,ef 2o ano,0.04929577464788732,0.038626893313049804
651,colegiopremium,ef 5o ano,0.04929577464788732,0.038097757788213504
652,colegioensitec,ef 6o ano,0.06338028169014084,0.038097757788213504
653,colegiopremium,ef 4o ano,0.04929577464788732,0.038097757788213504
654,psantagema,em 1a serie,0.035211267605633804,0.03774500077165597
655,provaspoliedro,em 1a serie,0.041141586360266866,0.03769858537474051
656,colegiopremium,ef 1o ano,0.04225352112676056,0.037568622263377205
657,colegiopremium,ef 2o ano,0.04225352112676056,0.037568622263377205
658,colegiopremium,ef 3o ano,0.04225352112676056,0.037568622263377205
659,colegioplanck,em 2a serie,0.01564945226917058,0.03745103659119136
660,acessosjpinhais,ef 2o ano,0.04401408450704225,0.03717177061974998
661,integra,ef 7o ano,0.04225352112676056,0.037039486738540905
662,ciadosaber,ef 7o ano,0.045774647887323945,0.037039486738540905
663,colegiocb,em 3a serie,0.03169014084507042,0.03677491897612276
664,cbpdigital,ef 2o ano,0.02112676056338028,0.03651035121370461
665,cbpdigital,ef 3o ano,0.02112676056338028,0.03651035121370461
666,overzonanorte,ef 2o ano,0.04225352112676056,0.03651035121370461
667,overlimaesilva,ef 1o ano,0.04225352112676056,0.03651035121370461
668,physicsalmirantebarroso,ef 2o ano,0.02112676056338028,0.03651035121370461
669,colegioecursodesafio,ef 4o ano,0.04929577464788732,0.03651035121370461
670,provaspoliedro,outro,0.014913007456503728,0.03627690907039448
671,colegioeducallis,ef 5o ano,0.04929577464788732,0.035981215688868314
672,colegioecursodesafio,ef 3o ano,0.045774647887323945,0.035981215688868314
673,cbpdigital,ef 7o ano,0.014084507042253521,0.035716647926450164
674,portinari,em 2a serie,0.013424295774647887,0.035716647926450164
675,provaspoliedro,em 2a serie,0.0433927091963546,0.0355999268547951
676,colegiointegral,ef 9o ano,0.014084507042253521,0.035452080164032014
677,cnslpb,ef 6o ano,0.018779342723004695,0.03509932314747448
678,colegioecursoprogressao,ef 9o ano,0.048513302034428794,0.03509932314747448
679,insa,em 3a serie,0.0,0.034922944639195715
680,colegiouirapuru,ef 6o ano,0.04929577464788732,0.034922944639195715
681,insa,em 1a serie,0.0,0.034922944639195715
682,insa,em 2a serie,0.0,0.034922944639195715
683,contemporaneocidadeverde,ef 8o ano,0.03990610328638498,0.03474656613091695
684,overabelcabral,ef 6o ano,0.04366197183098592,0.034658376876777565
685,colegioecursoprogressao,ef 8o ano,0.04507042253521127,0.034393809114359415
686,colegiosete,ef 4o ano,0.03873239436619718,0.033864673589523116
687,colegioecursoprogressao,ef 6o ano,0.04225352112676056,0.033441365169654076
688,cursoisfera,outro,0.034205231388329975,0.033335538064686816
689,ceespacolivre,ef 9o ano,0.035211267605633804,0.033335538064686816
690,ciadosaber,ef 3o ano,0.03873239436619718,0.033335538064686816
691,ceespacolivre,em 2a serie,0.03345070422535211,0.033335538064686816
692,colegioeducallis,ef 3o ano,0.04929577464788732,0.03280640253985052
693,integra,ef 6o ano,0.04225352112676056,0.03280640253985052
694,psantagema,ef 7o ano,0.014084507042253521,0.03245364552329299
695,colegioglobal,ef 2o ano,0.03345070422535211,0.03227726701501422
696,colegiofuturageracao,ef 2o ano,0.035211267605633804,0.031748131490177925
697,psantagema,em 3a serie,0.0528169014084507,0.031483563727759775
698,colegiosete,ef 1o ano,0.03873239436619718,0.031483563727759775
699,acessocampolargokids,ef 4o ano,0.035211267605633804,0.031218995965341622
700,acessosantafelicidade,ef 4o ano,0.035211267605633804,0.031218995965341622
701,universitariolondrina,ef 4o ano,0.035211267605633804,0.031218995965341622
702,universitariolondrina,ef 5o ano,0.035211267605633804,0.031218995965341622
703,overlimaesilva,ef 5o ano,0.035211267605633804,0.031218995965341622
704,colegioeducallis,ef 2o ano,0.04929577464788732,0.031218995965341622
705,magister,ef 3o ano,0.025821596244131457,0.031218995965341622
706,colegiosete,ef 2o ano,0.035211267605633804,0.031218995965341622
707,physicsumarizal,ef 2o ano,0.018779342723004695,0.031218995965341622
708,objetivolorena,ef 7o ano,0.03990610328638498,0.030954428202923472
709,acessosjpinhais,ef 4o ano,0.034205231388329975,0.03091663280829231
710,colegioecursodesafio,ef 1o ano,0.035211267605633804,0.030689860440505326
711,colegioeducallis,ef 4o ano,0.04225352112676056,0.030425292678087176
712,acessosjpinhais,ef 3o ano,0.02992957746478873,0.0302930087968781
713,acessoalmirantetamandare,ef 4o ano,0.035211267605633804,0.030160724915669027
714,objetivolorena,ef 6o ano,0.0363849765258216,0.030072535661529644
715,overlimaesilva,ef 4o ano,0.03345070422535211,0.029896157153250877
716,ciadosaber,ef 8o ano,0.03345070422535211,0.029631589390832727
717,colegiointegral,outro,0.017605633802816902,0.029152060321449833
718,acessocampolargokids,ef 3o ano,0.028169014084507043,0.029102453865996428
719,acessohauer,ef 3o ano,0.028169014084507043,0.029102453865996428
720,acessocampolargokids,ef 5o ano,0.04225352112676056,0.029102453865996428
721,escolamaster,em 1a serie,0.041079812206572766,0.029102453865996428
722,colegioensitec,ef 9o ano,0.0528169014084507,0.028837886103578278
723,ciadosaber,ef 4o ano,0.039436619718309855,0.028784972551094648
724,colegioecursoprogressao,ef 7o ano,0.0363849765258216,0.028749696849438896
725,stellamarisaguaverde,ef 3o ano,0.03755868544600939,0.028749696849438896
726,colegiouirapuru,ef 7o ano,0.035211267605633804,0.028573318341160128
727,colegioensitec,ef 7o ano,0.04225352112676056,0.028308750578741982
728,colegioensitec,ef 8o ano,0.04225352112676056,0.028308750578741982
729,ceespacolivre,ef 5o ano,0.02112676056338028,0.028044182816323832
730,colegioplanck,em 1a serie,0.012841756420878212,0.027981931578107796
731,ceabb,ef 7o ano,0.04225352112676056,0.027515047291487533
732,colegioplanck,ef 6o ano,0.03609154929577465,0.027118195647860308
733,colegiomundial,em 1a serie,0.0,0.026985911766651233
734,colegiomundial,ef 9o ano,0.0,0.026985911766651233
735,santoamerico,ef 9o ano,0.07183098591549296,0.026562603346782197
736,aprovest,outro,0.0,0.026456776241814934
737,simuladoita,outro,0.0035211267605633804,0.026192208479396784
738,colegiobatistaindependente,ef 5o ano,0.028169014084507043,0.025927640716978635
739,colegiocb,ef 4o ano,0.028169014084507043,0.025927640716978635
740,overmossoro,ef 1o ano,0.028169014084507043,0.025927640716978635
741,acessohauer,ef 4o ano,0.028169014084507043,0.025927640716978635
742,colegioensitec,ef 2o ano,0.028169014084507043,0.025927640716978635
743,informacao,em 2a serie,0.0,0.025927640716978635
744,informacao,em 3a serie,0.0,0.025927640716978635
745,ceabb,ef 6o ano,0.028169014084507043,0.025927640716978635
746,colegioplanck,outro,0.028169014084507043,0.025927640716978635
747,overzonanorte,ef 3o ano,0.028169014084507043,0.025927640716978635
748,porto,ef 8o ano,0.0727699530516432,0.02575126220869987
749,colegioecursodesafio,ef 2o ano,0.035211267605633804,0.02539850519214234
750,psantagema,ef 2o ano,0.014084507042253521,0.02486936966730604
751,acessoalmirantetamandare,ef 2o ano,0.028169014084507043,0.02486936966730604
752,acessosantafelicidade,ef 2o ano,0.028169014084507043,0.02486936966730604
753,colegioensitec,ef 3o ano,0.028169014084507043,0.02486936966730604
754,acessohauer,ef 2o ano,0.028169014084507043,0.02486936966730604
755,colegioensitec,ef 5o ano,0.028169014084507043,0.02486936966730604
756,acessocampolargokids,outro,0.028169014084507043,0.02486936966730604
757,acessocampolargokids,ef 2o ano,0.028169014084507043,0.02486936966730604
758,escolamaster,em 2a serie,0.035211267605633804,0.024737085786096964
759,stellamarisjuveve,ef 2o ano,0.025821596244131457,0.024163855634190972
760,colegioiguatemy,ef 3o ano,0.02464788732394366,0.02407566638005159
761,overmarciliofurtado,ef 6o ano,0.02640845070422535,0.02407566638005159
762,colegioglobal,ef 9o ano,0.025821596244131457,0.02381109861763344
763,contemporaneo,em 3a serie,0.017605633802816902,0.02381109861763344
764,colegiocb,ef 9o ano,0.028169014084507043,0.023281963092797144
765,colegiouirapuru,em 2a serie,0.02112676056338028,0.023281963092797144
766,cursoleopoldo,em 3a serie,0.0,0.023281963092797144
767,colegioguilhermedealmeida,ef 7o ano,0.02112676056338028,0.023281963092797144
768,cursoleopoldo,outro,0.0,0.023281963092797144
769,colegioeducallis,em 2a serie,0.01056338028169014,0.023083537270983532
770,qescola,em 1a serie,0.035211267605633804,0.022929206076239612
771,colegiomundial,ef 6o ano,0.0,0.022752827567960845
772,progressaoig,ef 6o ano,0.026156941649899398,0.022526055200173856
773,colegioeducallis,ef 9o ano,0.0099113197704747,0.022360875327341365
774,colegioplanck,ef 8o ano,0.029049295774647887,0.022289833983729083
775,colegiocb,em 2a serie,0.01643192488262911,0.022047313534845778
776,colegiouirapuru,ef 8o ano,0.02464788732394366,0.021959124280706396
777,overabelcabral,ef 4o ano,0.022887323943661973,0.021959124280706396
778,magister,outro,0.007042253521126761,0.021959124280706396
779,colegioplanck,ef 7o ano,0.028169014084507043,0.021618965729025916
780,colegioeducallis,em 1a serie,0.008524833209785027,0.021193270231601228
781,eccos,ef 8o ano,0.03169014084507042,0.021165420993451946
782,overabelcabral,ef 5o ano,0.022535211267605635,0.021165420993451946
783,integradaeducativa,ef 6o ano,0.03169014084507042,0.021127625598820785
784,ceabb,ef 8o ano,0.02112676056338028,0.02063628546861565
785,colegiouirapuru,ef 3o ano,0.035211267605633804,0.02063628546861565
786,overpontanegra,ef 4o ano,0.02112676056338028,0.02063628546861565
787,seletivoeducallis,em 2a serie,0.007042253521126761,0.02063628546861565
788,colegioensitec,ef 4o ano,0.02112676056338028,0.02063628546861565
789,colegioplanck,ef 9o ano,0.017876489707475622,0.020229258141818498
790,integradaeducativa,ef 8o ano,0.03098591549295775,0.01989549573384483
791,colegioiguatemy,ef 5o ano,0.02464788732394366,0.0198425821813612
792,colegiouirapuru,em 3a serie,0.035211267605633804,0.01957801441894305
793,porto,ef 6o ano,0.03873239436619718,0.01957801441894305
794,colegioeducallis,ef 8o ano,0.012407780013413815,0.019376438980910175
795,integradaeducativa,ef 9o ano,0.03098591549295775,0.019260533104041272
796,maplebearslz,ef 5o ano,0.022300469483568078,0.019137068148246134
797,villalobos,em 1a serie,0.030809859154929578,0.01911502083471129
798,eacorcovado,em 3a serie,0.01056338028169014,0.019048878894106752
799,integradaeducativa,ef 7o ano,0.028169014084507043,0.018949665983199946
800,pioxi,ef 5o ano,0.018779342723004695,0.018872500385827985
801,eccos,ef 7o ano,0.02464788732394366,0.018519743369270453
802,colegioguilhermedealmeida,ef 6o ano,0.014084507042253521,0.018519743369270453
803,qescola,em 3a serie,0.041079812206572766,0.018519743369270453
804,colegiocb,ef 7o ano,0.022300469483568078,0.01834336486099169
805,colegioeducallis,ef 7o ano,0.010985915492957746,0.01813876579138832
806,maplebearslz,outro,0.056338028169014086,0.017990607844434157
807,maplebearslz,ef 4o ano,0.028169014084507043,0.017990607844434157
808,colegiocb,ef 6o ano,0.01995305164319249,0.017637850827876625
809,colegiocb,em 1a serie,0.015492957746478875,0.017567299424565117
810,colegioeducallis,ef 6o ano,0.009507042253521128,0.017408558767114227
811,progressaoig,ef 7o ano,0.02112676056338028,0.017343886647412012
812,implantacao,outro,0.014084507042253521,0.016932336794761558
813,objetivolorena,outro,0.035211267605633804,0.01640320126992526
814,santoamerico,ef 7o ano,0.02934272300469484,0.01613863350750711
815,progressaoig,outro,0.014084507042253521,0.015874065745088962
816,conexaosaber,ef 4o ano,0.02112676056338028,0.015874065745088962
817,institutoeurofarma,outro,0.0,0.015874065745088962
818,ceabb,ef 9o ano,0.014084507042253521,0.015344930220252663
819,crb,outro,0.0,0.015344930220252663
820,escolaceciliameireles,ef 3o ano,0.014084507042253521,0.015344930220252663
821,ceprimeiromundo,ef 1o ano,0.0,0.015344930220252663
822,testevictorhugo,em 1a serie,0.0,0.015344930220252663
823,pioxi,ef 4o ano,0.014084507042253521,0.015344930220252663
824,overabelcabral,ef 2o ano,0.014084507042253521,0.015344930220252663
825,colegioser,outro,0.0,0.015344930220252663
826,pioxi,ef 3o ano,0.014084507042253521,0.015344930220252663
827,invictus,outro,0.014084507042253521,0.015344930220252663
828,master,ef 1o ano,0.013413816230717638,0.014840991625170472
829,implantacao,em 3a serie,0.014084507042253521,0.014815794695416364
830,eccos,ef 5o ano,0.017605633802816902,0.014815794695416364
831,faculdadeflamingo,outro,0.028169014084507043,0.014815794695416364
832,eccos,ef 9o ano,0.023474178403755867,0.014639416187137598
833,villalobos,ef 5o ano,0.03286384976525822,0.01446303767885883
834,colegiouirapuru,ef 9o ano,0.01936619718309859,0.013889807526952841
835,integra,ef 5o ano,0.014084507042253521,0.013757523645743766
836,pioxi,ef 6o ano,0.014626218851570965,0.013635415447704621
837,pioxi,ef 8o ano,0.014626218851570965,0.013635415447704621
838,pioxi,ef 7o ano,0.014626218851570965,0.013635415447704621
839,santoamerico,ef 6o ano,0.028169014084507043,0.013625239764534692
840,ceprimeiromundo,ef 3o ano,0.011737089201877934,0.013581145137465
841,colegioguilhermedealmeida,ef 9o ano,0.007042253521126761,0.013228388120907467
842,plannetataboao,ef 5o ano,0.007042253521126761,0.013228388120907467
843,plannetataboao,ef 4o ano,0.007042253521126761,0.013228388120907467
844,ceprimeiromundo,ef 4o ano,0.007042253521126761,0.013228388120907467
845,plannetaosasco,ef 2o ano,0.0,0.013228388120907467
846,plannetaosasco,ef 3o ano,0.0,0.013228388120907467
847,plannetataboao,ef 1o ano,0.007042253521126761,0.013228388120907467
848,plannetataboao,ef 2o ano,0.007042253521126761,0.013228388120907467
849,plannetataboao,ef 3o ano,0.007042253521126761,0.013228388120907467
850,colegioiguatemy,ef 4o ano,0.01643192488262911,0.013052009612628701
851,maplebearslz,ef 3o ano,0.02640845070422535,0.012831536477280244
852,overpontanegra,ef 3o ano,0.01056338028169014,0.012787441850210553
853,colegiobatistaindependente,outro,0.0,0.01269925259607117
854,colegioguilhermedealmeida,ef 8o ano,0.007042253521126761,0.01269925259607117
855,nucleocriativo,outro,0.0,0.01269925259607117
856,porto,ef 7o ano,0.023474178403755867,0.012346495579513636
857,colegiocb,ef 8o ano,0.012676056338028168,0.01227594417620213
858,colegioguilhermedealmeida,em 2a serie,0.007042253521126761,0.01217011707123487
859,overabelcabral,ef 1o ano,0.009389671361502348,0.011817360054677336
860,pioxi,ef 9o ano,0.01056338028169014,0.011740194457305377
861,contemporaneocidadeverde,ef 5o ano,0.035211267605633804,0.011640981546398572
862,pioxi,ef 2o ano,0.009054325955734405,0.011565390757136243
863,overabelcabral,ef 3o ano,0.008802816901408451,0.011376413783980422
864,eacorcovado,em 2a serie,0.01584507042253521,0.011376413783980422
865,santoamerico,ef 8o ano,0.03755868544600939,0.011288224529841039
866,qescola,ef 6o ano,0.017605633802816902,0.011111846021562273
867,isem,ef 3o ano,0.014084507042253521,0.011111846021562273
868,eccos,ef 4o ano,0.014084507042253521,0.011111846021562273
869,integra,ef 4o ano,0.007042253521126761,0.010582710496725973
870,isem,ef 5o ano,0.014084507042253521,0.010582710496725973
871,vitae,ef 3o ano,0.007042253521126761,0.010053574971889676
872,acessoalmirantetamandare,outro,0.0,0.010053574971889676
873,vitae,ef 1o ano,0.007042253521126761,0.010053574971889676
874,colegiojoaopaulo,outro,0.0,0.010053574971889676
875,colegioeag,ef 1o ano,0.007042253521126761,0.010053574971889676
876,colegioguilhermedealmeida,em 1a serie,0.0,0.010053574971889676
877,colegioguilhermedealmeida,em 3a serie,0.0,0.010053574971889676
878,pioxi,ef 1o ano,0.007042253521126761,0.010053574971889676
879,saberviver,ef 5o ano,0.0,0.010053574971889676
880,saberviver,ef 4o ano,0.0,0.010053574971889676
881,pioxi,outro,0.0,0.010053574971889676
882,ceprimeiromundo,ef 5o ano,0.0,0.010053574971889676
883,seletivoeducallis,em 1a serie,0.0,0.010053574971889676
884,amadeus,em 3a serie,0.0,0.010053574971889676
885,colegiobrasilia,outro,0.0,0.010053574971889676
886,seletivoeducallis,ef 5o ano,0.0,0.010053574971889676
887,eccos,ef 3o ano,0.01056338028169014,0.009789007209471526
888,acessofazendariogrande,ef 2o ano,0.007042253521126761,0.009524439447053376
889,integradaeducativa,em 2a serie,0.013078470824949699,0.009411053263159884
890,villalobos,ef 4o ano,0.018779342723004695,0.009171682430495844
891,isem,ef 4o ano,0.01232394366197183,0.008995303922217078
892,colegiodasamericas,em 1a serie,0.008048289738430582,0.008957508527585914
893,integradaeducativa,em 3a serie,0.012072434607645876,0.008881917738323584
894,integradaeducativa,em 1a serie,0.012072434607645876,0.008844122343692421
895,colegiodasamericas,em 2a serie,0.005417118093174431,0.008506871130060495
896,integra,ef 3o ano,0.007042253521126761,0.008466168397380779
897,progressaoig,em 2a serie,0.004694835680751174,0.008289789889102013
898,escolamaster,em 3a serie,0.004694835680751174,0.008289789889102013
899,itamarati,ef 8o ano,0.007042253521126761,0.00820160063496263
900,eccos,ef 6o ano,0.007042253521126761,0.008148687082479
901,colegiouirapuru,em 1a serie,0.007042253521126761,0.007937032872544481
902,colegiodasamericas,ef 6o ano,0.004694835680751174,0.007760654364265714
903,colegiodasamericas,ef 8o ano,0.008802816901408451,0.0076724651101263315
904,colegiodasamericas,ef 9o ano,0.0037558685446009397,0.007478448751019688
905,colegiodasamericas,ef 7o ano,0.003912363067292645,0.0074666901838011035
906,overpontanegra,ef 5o ano,0.005477308294209702,0.007407897347708182
907,colegiodasamericas,em 3a serie,0.003912363067292645,0.006878761822871883
908,eacorcovado,em 1a serie,0.014084507042253521,0.006878761822871883
909,minhalista,outro,0.02112676056338028,0.006878761822871883
910,portinari,ef 2o ano,0.0,0.006349626298035585
911,psantagema,outro,0.0035211267605633804,0.006349626298035585
912,provaspoliedro,ef 1o ano,0.0,0.005820490773199286
913,eacorcovado,ef 9o ano,0.0,0.005820490773199286
914,qescola,em 2a serie,0.02112676056338028,0.005820490773199286
915,provaspoliedro,ef 7o ano,0.008802816901408451,0.005754348832594749
916,provaspoliedro,ef 8o ano,0.007042253521126761,0.005572458495932271
917,provaspoliedro,ef 6o ano,0.007629107981220658,0.005511828383711444
918,integra,ef 2o ano,0.007042253521126761,0.005291355248362987
919,joaobelem,ef 6o ano,0.0,0.005291355248362987
920,santadoroteia,ef 9o ano,0.0,0.005291355248362987
921,colegiodasamericas,outro,0.0029342723004694843,0.005269307934828141
922,vitae,ef 4o ano,0.0,0.004762219723526688
923,ceabb,ef 3o ano,0.0,0.004762219723526688
924,camerinocursos,outro,0.0,0.004762219723526688
925,colegiodasamericas,ef 3o ano,0.0,0.004762219723526688
926,ceabb,ef 5o ano,0.0,0.004762219723526688
927,ceabb,ef 4o ano,0.0,0.004762219723526688
928,vitae,ef 5o ano,0.0,0.004762219723526688
929,escolamaster,ef 8o ano,0.0,0.004762219723526688
930,moaciralves,ef 8o ano,0.0,0.004762219723526688
931,liessinbarra,ef 8o ano,0.0,0.004762219723526688
932,colegiofuturageracao,em 1a serie,0.0,0.004762219723526688
933,escolamaster,ef 9o ano,0.0,0.004762219723526688
934,santoantonio,em 3a serie,0.0,0.004762219723526688
935,progressaodc,outro,0.0,0.004762219723526688
936,colegiobetelbrasileirosp,em 3a serie,0.006259780907668231,0.004585841215247922
937,provaspoliedro,ef 9o ano,0.005700871898054996,0.0045102504259855935
938,colegiobetelbrasileirosp,ef 1o ano,0.0,0.004497651961108539
939,joaobelem,ef 9o ano,0.0,0.0042330841986903895
940,eacorcovado,ef 5o ano,0.0,0.0042330841986903895
941,colegiobetelbrasileirosp,ef 7o ano,0.004556752278376139,0.004077456103150301
942,colegiobetelbrasileirosp,ef 9o ano,0.004818383988139362,0.0040102902934961585
943,colegiobetelbrasileirosp,ef 6o ano,0.004142502071251035,0.0037973255311781434
944,integra,ef 1o ano,0.007042253521126761,0.003703948673854091
945,colegiodasamericas,ef 4o ano,0.0,0.003703948673854091
946,dante,em 3a serie,0.0,0.003703948673854091
947,pauloviana,ef 9o ano,0.0,0.003703948673854091
948,sasadapt,ef 1o ano,0.007042253521126761,0.003703948673854091
949,colegioeag,ef 5o ano,0.0023474178403755865,0.003703948673854091
950,colegiobetelbrasileirosp,em 2a serie,0.0044014084507042256,0.003703948673854091
951,colegiobetelbrasileirosp,ef 8o ano,0.00430359937402191,0.003645155837761169
952,colegiobetelbrasileirosp,em 1a serie,0.003912363067292645,0.0034981737475288633
953,sobral,outro,0.0,0.0031748131490177923
954,colegiouniverso,outro,0.0,0.0031748131490177923
955,eacorcovado,ef 8o ano,0.0,0.0026456776241814933
956,colegioeag,ef 3o ano,0.0,0.0021165420993451947
957,amaisteste,ef 9o ano,0.0,0.0021165420993451947
958,amaisteste,ef 6o ano,0.0,0.0021165420993451947
959,qescola,ef 5o ano,0.007042253521126761,0.0021165420993451947
960,colegioeag,ef 4o ano,0.0,0.0021165420993451947
961,litteratus,em 3a serie,0.0,0.0021165420993451947
962,educamais,ef 6o ano,0.0,0.0021165420993451947
963,oficinadoestudante,ef 1o ano,0.0,0.0015874065745088962
964,positivoon,em 3a serie,0.0,0.0015874065745088962
965,qescola,ef 1o ano,0.0,0.0015874065745088962
966,maplebearslz,ef 2o ano,0.0,0.0015874065745088962
967,navegasas,ef 5o ano,0.0,0.0010582710496725974
968,escola,ef 4o ano,0.0,0.0010582710496725974
969,educamais,ef 8o ano,0.0,0.0010582710496725974
970,senhorbonfim,ef 6o ano,0.0,0.0005291355248362987
971,studos,em 1a serie,0.0,0.0005291355248362987
972,qescola,outro,0.007042253521126761,0.0005291355248362987
973,iracemarufino,infantil iii,0.0,0.0
974,ceprimeiromundo,ef 2o ano,0.0,0.0
